{"max_sin_error": 0.005740598, "cos_errors": [0.0002441406, 0.0009967089, 0.00129348, 0.001843631, 0.002119958, 0.00231266, 0.001620054, 0.002155364, 0.002111256, 0.003328323, 0.002506435, 0.003168404, 0.004185736, 0.004127145, 0.003879011, 0.003800869, 0.003844321, 0.003970414, 0.003904194, 0.003378451, 0.005306035, 0.005037487, 0.005740598, 0.005215928, 0.00468491, 0.004394575, 0.004685119, 0.005216136, 0.004764244, 0.00503768, 0.005306095, 0.00337854, 0.003904372, 0.003970593, 0.0038445, 0.003312767, 0.003879249, 0.004127324, 0.004185677, 0.003168404, 0.002994716, 0.003328264, 0.002111256, 0.002155304, 0.001619935, 0.002312601, 0.002119899, 0.001843572, 0.00129348, 0.0009967089, 0.0002441406, 0.0009967089, 0.00129354, 0.001843631, 0.002120018, 0.00231266, 0.001620054, 0.002155483, 0.002111435, 0.003328383, 0.002506495, 0.003168464, 0.004185796, 0.004127026, 0.003878891, 0.00380069, 0.003844142, 0.003970236, 0.003904015, 0.003378153, 0.005305707, 0.005037174, 0.005740285, 0.005215615, 0.00468459, 0.004394543, 0.004685089, 0.005216107, 0.004764214, 0.005037651, 0.005306184, 0.0033786, 0.003904462, 0.003970653, 0.003844559, 0.003312826, 0.003879309, 0.004127383, 0.004185438, 0.003168166, 0.002994478, 0.003328085, 0.002111077, 0.002155125, 0.001619816, 0.002312422, 0.002119839, 0.001843572, 0.00129348, 0.0009967089], "mean_cos_error": 0.003294497, "mean_sin_error": 0.003289611, "execution_time": 0.918, "sin_errors": [0.004394531, 0.004685052, 0.005216047, 0.00476414, 0.005037561, 0.005306065, 0.003378481, 0.003416032, 0.003970504, 0.00384444, 0.003312588, 0.00387907, 0.004127264, 0.004185617, 0.003168344, 0.002994716, 0.003328323, 0.002111256, 0.002155304, 0.001619995, 0.002312601, 0.002119958, 0.001843572, 0.00129348, 0.0009967089, 0.0002441406, 0.0009967089, 0.00129354, 0.001843631, 0.002120018, 0.00231266, 0.001620054, 0.002155423, 0.002111375, 0.003328443, 0.002506554, 0.003168523, 0.004185855, 0.004127145, 0.003879011, 0.003800809, 0.003844321, 0.003970355, 0.003904164, 0.003378302, 0.005305857, 0.005037323, 0.005740449, 0.005215779, 0.004684992, 0.004394619, 0.004685163, 0.005216181, 0.004764289, 0.005037725, 0.005306273, 0.003378689, 0.003904521, 0.003970712, 0.00384444, 0.003312707, 0.003879189, 0.004127264, 0.004185557, 0.003168285, 0.002994597, 0.003328204, 0.002111137, 0.002155244, 0.001619875, 0.002312541, 0.002119839, 0.001843512, 0.001293421, 0.0009967089, 0.0002441406, 0.0009967089, 0.00129354, 0.001843631, 0.002120018, 0.00231266, 0.001620054, 0.002155423, 0.002111375, 0.003328443, 0.002506614, 0.003168583, 0.004185915, 0.004126906, 0.003878772, 0.003800571, 0.003844023, 0.003970087, 0.003903866, 0.003378004, 0.005305558, 0.00503701, 0.005740598, 0.005215928, 0.004684903], "failed_cases": [], "max_cos_error": 0.005740598, "passed": 100, "failed": 0, "total_tests": 100}